"seqnames","start","end","width","strand","paramRangeID","REF","ALT","QUAL","FILTER"
"chr1",35223006,35223006,1,"*",NA,"G","A",255,"PASS"
"chr1",182152104,182152104,1,"*",NA,"C","A",255,"PASS"
"chr1",236092661,236092661,1,"*",NA,"C","G",255,"PASS"
"chr1",244926518,244926518,1,"*",NA,"C","T",255,"PASS"
"chr2",12295161,12295161,1,"*",NA,"G","C",255,"PASS"
"chr2",14636475,14636475,1,"*",NA,"C","A",255,"PASS"
"chr2",20586805,20586805,1,"*",NA,"C","A",255,"PASS"
"chr2",41452982,41452982,1,"*",NA,"G","C",255,"PASS"
"chr2",44474426,44474426,1,"*",NA,"A","C",255,"PASS"
"chr2",105755266,105755266,1,"*",NA,"T","C",255,"PASS"
"chr2",225668931,225668931,1,"*",NA,"C","A",255,"PASS"
"chr3",44458940,44458940,1,"*",NA,"C","T",255,"PASS"
"chr3",54461041,54461041,1,"*",NA,"C","A",255,"PASS"
"chr3",130693757,130693757,1,"*",NA,"A","C",255,"PASS"
"chr4",6994720,6994720,1,"*",NA,"A","G",255,"PASS"
"chr5",96214908,96214908,1,"*",NA,"A","G",255,"PASS"
"chr5",127232492,127232492,1,"*",NA,"A","C",255,"PASS"
"chr5",141297520,141297520,1,"*",NA,"A","G",255,"PASS"
"chr5",153328442,153328442,1,"*",NA,"C","A",255,"PASS"
"chr6",111414524,111414524,1,"*",NA,"T","C",255,"PASS"
"chr6",167655762,167655762,1,"*",NA,"T","G",255,"PASS"
"chr6",167706177,167706177,1,"*",NA,"G","C",255,"PASS"
"chr7",28863990,28863990,1,"*",NA,"G","T",255,"PASS"
"chr7",35272760,35272760,1,"*",NA,"G","T",255,"PASS"
"chr7",65646392,65646392,1,"*",NA,"G","A",255,"PASS"
"chr7",76416130,76416130,1,"*",NA,"G","C",255,"PASS"
"chr7",97929844,97929844,1,"*",NA,"G","A",255,"PASS"
"chr7",101184468,101184468,1,"*",NA,"A","G",255,"PASS"
"chr8",29651174,29651174,1,"*",NA,"G","T",255,"PASS"
"chr8",107270811,107270811,1,"*",NA,"T","A",255,"PASS"
"chr8",132759455,132759455,1,"*",NA,"G","T",255,"PASS"
"chr9",13491980,13491980,1,"*",NA,"T","G",255,"PASS"
"chr10",113207680,113207680,1,"*",NA,"C","A",255,"PASS"
"chr12",14709756,14709756,1,"*",NA,"T","TA",255,"PASS"
"chr12",45772564,45772564,1,"*",NA,"G","A",255,"PASS"
"chr12",62386981,62386981,1,"*",NA,"C","A",255,"PASS"
"chr12",103632892,103632892,1,"*",NA,"G","C",255,"PASS"
"chr12",124066497,124066497,1,"*",NA,"A","G",255,"PASS"
"chr13",76673289,76673289,1,"*",NA,"C","A",255,"PASS"
"chr13",101696049,101696049,1,"*",NA,"C","A",255,"PASS"
"chr14",76746490,76746490,1,"*",NA,"C","A",255,"PASS"
"chr14",85981382,85981382,1,"*",NA,"A","T",255,"PASS"
"chr14",106316875,106316875,1,"*",NA,"T","C",255,"PASS"
"chr14",107201097,107201097,1,"*",NA,"G","T",255,"PASS"
"chr15",89105099,89105099,1,"*",NA,"G","A",255,"PASS"
"chr16",20499631,20499631,1,"*",NA,"C","T",255,"PASS"
"chr16",75926110,75926110,1,"*",NA,"G","T",255,"PASS"
"chr16",84547585,84547585,1,"*",NA,"G","T",255,"PASS"
"chr17",53781791,53781791,1,"*",NA,"G","T",255,"PASS"
"chr17",59517715,59517715,1,"*",NA,"A","C",255,"PASS"
"chr18",4027247,4027247,1,"*",NA,"T","C",255,"PASS"
"chr19",45670936,45670936,1,"*",NA,"C","A",255,"PASS"
"chr20",50625518,50625518,1,"*",NA,"G","T",255,"PASS"
"chr20",51457870,51457870,1,"*",NA,"T","A",255,"PASS"
"chr20",57064258,57064258,1,"*",NA,"A","G",255,"PASS"
"chr21",19375212,19375212,1,"*",NA,"G","A",255,"PASS"
"chr21",31972768,31972768,1,"*",NA,"G","T",255,"PASS"
"chr21",32814953,32814953,1,"*",NA,"A","C",255,"PASS"
"chr22",42051809,42051809,1,"*",NA,"C","T",255,"PASS"
"chrX",2365266,2365266,1,"*",NA,"G","A",255,"PASS"
"chrX",19877624,19877624,1,"*",NA,"G","C",255,"PASS"
"chrX",105325291,105325291,1,"*",NA,"C","A",255,"PASS"
"chrX",116908934,116908934,1,"*",NA,"C","T",255,"PASS"
"chrX",151972024,151972024,1,"*",NA,"T","G",255,"PASS"
"chr1",21943112,21943112,1,"*",NA,"C","G",255,"PASS"
"chr1",38980586,38980586,1,"*",NA,"T","A",255,"PASS"
"chr1",41734969,41734969,1,"*",NA,"G","A",255,"PASS"
"chr1",65566128,65566128,1,"*",NA,"A","G",255,"PASS"
"chr1",69837843,69837843,1,"*",NA,"C","A",255,"PASS"
"chr1",160738260,160738260,1,"*",NA,"C","A",255,"PASS"
"chr1",162087778,162087778,1,"*",NA,"A","C",255,"PASS"
"chr1",163415917,163415918,2,"*",NA,"AT","A",255,"PASS"
"chr1",175688472,175688472,1,"*",NA,"C","T",255,"PASS"
"chr1",220186495,220186495,1,"*",NA,"G","C",255,"PASS"
"chr2",82241,82241,1,"*",NA,"C","G",255,"PASS"
"chr2",15278979,15278979,1,"*",NA,"C","A",255,"PASS"
"chr2",61205363,61205363,1,"*",NA,"C","A",255,"PASS"
"chr2",78333886,78333886,1,"*",NA,"G","T",255,"PASS"
"chr2",83859370,83859370,1,"*",NA,"A","G",255,"PASS"
"chr2",111631210,111631210,1,"*",NA,"G","T",255,"PASS"
"chr2",116172684,116172684,1,"*",NA,"C","A",255,"PASS"
"chr2",127637462,127637462,1,"*",NA,"C","T",255,"PASS"
"chr2",129715105,129715105,1,"*",NA,"T","C",255,"PASS"
"chr2",231385378,231385378,1,"*",NA,"G","T",255,"PASS"
"chr3",5279115,5279115,1,"*",NA,"G","T",255,"PASS"
"chr3",14582684,14582685,2,"*",NA,"AC","A",255,"PASS"
"chr3",32839910,32839910,1,"*",NA,"G","A",255,"PASS"
"chr3",38581621,38581621,1,"*",NA,"G","C",255,"PASS"
"chr3",49927166,49927166,1,"*",NA,"G","A",255,"PASS"
"chr3",54967613,54967613,1,"*",NA,"T","C",255,"PASS"
"chr3",109129405,109129405,1,"*",NA,"G","T",255,"PASS"
"chr3",148472012,148472012,1,"*",NA,"G","A",255,"PASS"
"chr3",197018086,197018086,1,"*",NA,"T","C",255,"PASS"
"chr4",2143405,2143405,1,"*",NA,"T","C",255,"PASS"
"chr4",7921258,7921258,1,"*",NA,"C","G",255,"PASS"
"chr5",9677639,9677639,1,"*",NA,"C","T",255,"PASS"
"chr5",35870639,35870639,1,"*",NA,"C","A",255,"PASS"
"chr5",59377729,59377729,1,"*",NA,"G","T",255,"PASS"
"chr5",73592307,73592307,1,"*",NA,"T","C",255,"PASS"
"chr5",180195842,180195842,1,"*",NA,"G","T",255,"PASS"
"chr6",1566993,1566993,1,"*",NA,"G","C",255,"PASS"
"chr6",4289259,4289259,1,"*",NA,"C","A",255,"PASS"
"chr6",35311495,35311495,1,"*",NA,"G","A",255,"PASS"
"chr6",42139235,42139235,1,"*",NA,"A","C",255,"PASS"
"chr6",52377030,52377030,1,"*",NA,"G","T",255,"PASS"
"chr6",111848641,111848641,1,"*",NA,"T","C",255,"PASS"
"chr6",149347462,149347462,1,"*",NA,"A","G",255,"PASS"
"chr7",48519665,48519665,1,"*",NA,"G","C",255,"PASS"
"chr7",56798297,56798297,1,"*",NA,"C","A",255,"PASS"
"chr7",87144083,87144083,1,"*",NA,"T","A",255,"PASS"
"chr7",104466721,104466721,1,"*",NA,"T","A",255,"PASS"
"chr7",105465950,105465950,1,"*",NA,"T","C",255,"PASS"
"chr7",121614407,121614407,1,"*",NA,"T","A",255,"PASS"
"chr7",141799508,141799508,1,"*",NA,"G","T",255,"PASS"
"chr8",818212,818212,1,"*",NA,"G","T",255,"PASS"
"chr8",17585481,17585481,1,"*",NA,"C","A",255,"PASS"
"chr8",53407351,53407351,1,"*",NA,"C","G",255,"PASS"
"chr8",62500788,62500788,1,"*",NA,"A","G",255,"PASS"
"chr8",79838794,79838794,1,"*",NA,"G","C",255,"PASS"
"chr9",221580,221580,1,"*",NA,"G","T",255,"PASS"
"chr9",68803812,68803812,1,"*",NA,"C","A",255,"PASS"
"chr9",93318105,93318105,1,"*",NA,"A","G",255,"PASS"
"chr9",97300341,97300341,1,"*",NA,"T","G",255,"PASS"
"chr9",110121394,110121394,1,"*",NA,"G","T",255,"PASS"
"chr9",130079658,130079658,1,"*",NA,"G","C",255,"PASS"
"chr9",135263395,135263395,1,"*",NA,"C","A",255,"PASS"
"chr10",10482298,10482298,1,"*",NA,"G","C",255,"PASS"
"chr10",55182697,55182697,1,"*",NA,"G","C",255,"PASS"
"chr10",119186072,119186072,1,"*",NA,"C","A",255,"PASS"
"chr10",133498454,133498454,1,"*",NA,"C","A",255,"PASS"
"chr11",6216247,6216247,1,"*",NA,"G","T",255,"PASS"
"chr11",6392286,6392286,1,"*",NA,"C","A",255,"PASS"
"chr11",125393263,125393263,1,"*",NA,"A","C",255,"PASS"
"chr12",3638174,3638174,1,"*",NA,"C","A",255,"PASS"
"chr12",3846018,3846018,1,"*",NA,"T","C",255,"PASS"
"chr12",10101673,10101673,1,"*",NA,"A","T",255,"PASS"
"chr12",96375388,96375388,1,"*",NA,"C","G",255,"PASS"
"chr12",109587476,109587476,1,"*",NA,"T","G",255,"PASS"
"chr13",50712303,50712303,1,"*",NA,"G","T",255,"PASS"
"chr13",97386500,97386500,1,"*",NA,"G","T",255,"PASS"
"chr14",90031343,90031343,1,"*",NA,"C","A",255,"PASS"
"chr15",49927574,49927574,1,"*",NA,"A","G",255,"PASS"
"chr15",74086362,74086362,1,"*",NA,"G","A",255,"PASS"
"chr16",19933640,19933640,1,"*",NA,"C","A",255,"PASS"
"chr16",25950020,25950020,1,"*",NA,"G","A",255,"PASS"
"chr16",55018247,55018247,1,"*",NA,"G","T",255,"PASS"
"chr17",22170347,22170347,1,"*",NA,"C","A",255,"PASS"
"chr17",78007028,78007028,1,"*",NA,"G","A",255,"PASS"
"chr18",24381927,24381927,1,"*",NA,"C","T",255,"PASS"
"chr18",37434694,37434694,1,"*",NA,"C","G",255,"PASS"
"chr18",45635619,45635619,1,"*",NA,"A","C",255,"PASS"
"chr18",48120895,48120895,1,"*",NA,"G","GA",255,"PASS"
"chr19",2668378,2668378,1,"*",NA,"C","T",255,"PASS"
"chr19",16784546,16784546,1,"*",NA,"G","T",255,"PASS"
"chr19",40966367,40966367,1,"*",NA,"T","C",255,"PASS"
"chr19",55844974,55844974,1,"*",NA,"G","T",255,"PASS"
"chr19",58950568,58950568,1,"*",NA,"A","G",255,"PASS"
"chr20",5474006,5474006,1,"*",NA,"C","A",255,"PASS"
"chr20",32383720,32383720,1,"*",NA,"C","G",255,"PASS"
"chr20",39358084,39358084,1,"*",NA,"G","A",255,"PASS"
"chr20",44177513,44177513,1,"*",NA,"C","T",255,"PASS"
"chr20",51764264,51764264,1,"*",NA,"G","A",255,"PASS"
"chrX",3204859,3204859,1,"*",NA,"C","A",255,"PASS"
"chrX",9965389,9965389,1,"*",NA,"C","A",255,"PASS"
"chrX",20411720,20411721,2,"*",NA,"GC","G",255,"PASS"
"chrX",55864426,55864426,1,"*",NA,"G","T",255,"PASS"
"chrX",73762452,73762452,1,"*",NA,"G","A",255,"PASS"
"chr1",26704387,26704399,13,"*",NA,"CCTTCCTTTCTTT","C",255,"PASS"
"chr1",34548628,34548628,1,"*",NA,"C","A",255,"PASS"
"chr1",39554701,39554701,1,"*",NA,"G","T",255,"PASS"
"chr1",44280174,44280174,1,"*",NA,"G","T",255,"PASS"
"chr1",72509707,72509707,1,"*",NA,"A","T",255,"PASS"
"chr1",75318452,75318452,1,"*",NA,"G","A",255,"PASS"
"chr1",109708936,109708936,1,"*",NA,"A","G",255,"PASS"
"chr1",160540736,160540736,1,"*",NA,"G","A",255,"PASS"
"chr2",931589,931589,1,"*",NA,"C","A",255,"PASS"
"chr2",5661116,5661116,1,"*",NA,"T","G",255,"PASS"
"chr2",74838674,74838674,1,"*",NA,"T","C",255,"PASS"
"chr2",84219086,84219086,1,"*",NA,"G","T",255,"PASS"
"chr2",84326185,84326185,1,"*",NA,"C","A",255,"PASS"
"chr2",97155382,97155382,1,"*",NA,"C","A",255,"PASS"
"chr2",106488635,106488635,1,"*",NA,"T","C",255,"PASS"
"chr2",157513895,157513895,1,"*",NA,"C","A",255,"PASS"
"chr2",217732327,217732327,1,"*",NA,"C","A",255,"PASS"
"chr2",230083428,230083431,4,"*",NA,"AAAG","A",255,"PASS"
"chr3",24481841,24481841,1,"*",NA,"G","A",255,"PASS"
"chr3",78941582,78941582,1,"*",NA,"C","A",255,"PASS"
"chr3",118158739,118158739,1,"*",NA,"T","C",255,"PASS"
"chr4",37044341,37044341,1,"*",NA,"G","T",255,"PASS"
"chr4",102441059,102441059,1,"*",NA,"T","C",255,"PASS"
"chr4",108341024,108341024,1,"*",NA,"A","G",255,"PASS"
"chr4",110320710,110320710,1,"*",NA,"T","C",255,"PASS"
"chr4",127377089,127377089,1,"*",NA,"T","A",255,"PASS"
"chr5",23922327,23922327,1,"*",NA,"T","G",255,"PASS"
"chr5",116386381,116386381,1,"*",NA,"A","G",255,"PASS"
"chr5",118278747,118278747,1,"*",NA,"C","A",255,"PASS"
"chr5",130037665,130037665,1,"*",NA,"C","A",255,"PASS"
"chr5",136289760,136289760,1,"*",NA,"T","G",255,"PASS"
"chr5",154488879,154488879,1,"*",NA,"C","A",255,"PASS"
"chr5",177894199,177894199,1,"*",NA,"T","G",255,"PASS"
"chr6",27135954,27135954,1,"*",NA,"C","G",255,"PASS"
"chr6",94868241,94868241,1,"*",NA,"G","T",255,"PASS"
"chr6",100100670,100100670,1,"*",NA,"T","C",255,"PASS"
"chr6",155761260,155761260,1,"*",NA,"A","C",255,"PASS"
"chr6",164220828,164220828,1,"*",NA,"C","A",255,"PASS"
"chr7",25152358,25152358,1,"*",NA,"C","G",255,"PASS"
"chr7",37255400,37255400,1,"*",NA,"G","A",255,"PASS"
"chr7",53657457,53657457,1,"*",NA,"G","T",255,"PASS"
"chr7",127813377,127813377,1,"*",NA,"G","T",255,"PASS"
"chr8",66996770,66996770,1,"*",NA,"C","G",255,"PASS"
"chr8",76579108,76579108,1,"*",NA,"T","G",255,"PASS"
"chr8",138922445,138922445,1,"*",NA,"T","C",255,"PASS"
"chr8",139153893,139153893,1,"*",NA,"G","T",255,"PASS"
"chr9",823913,823913,1,"*",NA,"C","A",255,"PASS"
"chr9",27987177,27987177,1,"*",NA,"C","A",255,"PASS"
"chr9",79333188,79333188,1,"*",NA,"G","T",255,"PASS"
"chr9",90410652,90410652,1,"*",NA,"C","G",255,"PASS"
"chr10",77401360,77401360,1,"*",NA,"T","TA",255,"PASS"
"chr10",92233896,92233896,1,"*",NA,"G","T",255,"PASS"
"chr13",28791114,28791114,1,"*",NA,"G","A",255,"PASS"
"chr14",81933187,81933187,1,"*",NA,"G","T",255,"PASS"
"chr15",64492930,64492930,1,"*",NA,"C","T",255,"PASS"
"chr15",87569059,87569059,1,"*",NA,"G","T",255,"PASS"
"chr15",101385970,101385970,1,"*",NA,"C","T",255,"PASS"
"chr16",3779698,3779698,1,"*",NA,"G","C",255,"PASS"
"chr17",78537270,78537270,1,"*",NA,"T","C",255,"PASS"
"chr18",4119437,4119437,1,"*",NA,"C","G",255,"PASS"
"chr18",42407337,42407337,1,"*",NA,"C","T",255,"PASS"
"chr19",15076631,15076631,1,"*",NA,"C","A",255,"PASS"
"chr19",38845277,38845277,1,"*",NA,"G","T",255,"PASS"
"chr20",45010559,45010559,1,"*",NA,"T","C",255,"PASS"
"chrX",21036130,21036130,1,"*",NA,"C","A",255,"PASS"
"chrX",37955395,37955395,1,"*",NA,"C","G",255,"PASS"
"chrX",64649294,64649294,1,"*",NA,"G","C",255,"PASS"
"chrX",100530214,100530214,1,"*",NA,"T","A",255,"PASS"
"chrX",136548807,136548807,1,"*",NA,"G","T",255,"PASS"
"chrX",146931445,146931445,1,"*",NA,"C","A",255,"PASS"
"chrX",153933248,153933248,1,"*",NA,"G","A",255,"PASS"
"chr1",114884878,114884878,1,"*",NA,"A","C",255,"PASS"
"chr2",3772991,3773035,45,"*",NA,"GGCAGAGAGTGAGGAGGCTGCCAGGTGGATCCCAGAGGAAGACGA","G",255,"PASS"
"chr2",116833008,116833008,1,"*",NA,"C","A",255,"PASS"
"chr3",190564760,190564760,1,"*",NA,"T","C",255,"PASS"
"chr4",161940522,161940522,1,"*",NA,"G","T",255,"PASS"
"chr4",173956397,173956397,1,"*",NA,"T","C",255,"PASS"
"chr5",22836099,22836099,1,"*",NA,"G","T",255,"PASS"
"chr5",39280854,39280854,1,"*",NA,"C","A",255,"PASS"
"chr5",142720992,142720992,1,"*",NA,"A","T",255,"PASS"
"chr5",173826618,173826618,1,"*",NA,"G","A",255,"PASS"
"chr6",16315501,16315501,1,"*",NA,"C","A",255,"PASS"
"chr6",63574050,63574050,1,"*",NA,"C","A",255,"PASS"
"chr6",133979502,133979502,1,"*",NA,"C","A",255,"PASS"
"chr8",140054418,140054418,1,"*",NA,"G","T",255,"PASS"
"chr10",66513406,66513406,1,"*",NA,"G","C",255,"PASS"
"chr10",73007774,73007774,1,"*",NA,"G","C",255,"PASS"
"chr10",86795066,86795066,1,"*",NA,"G","C",255,"PASS"
"chr12",16181219,16181219,1,"*",NA,"G","A",255,"PASS"
"chr12",106274328,106274328,1,"*",NA,"C","T",255,"PASS"
"chr13",30209240,30209240,1,"*",NA,"A","C",255,"PASS"
"chr14",25040431,25040431,1,"*",NA,"C","G",255,"PASS"
"chr14",38623774,38623774,1,"*",NA,"T","A",255,"PASS"
"chr14",80608309,80608309,1,"*",NA,"G","T",255,"PASS"
"chr14",98452943,98452943,1,"*",NA,"T","G",255,"PASS"
"chr17",11718014,11718014,1,"*",NA,"C","A",255,"PASS"
"chr17",12294221,12294221,1,"*",NA,"C","G",255,"PASS"
"chr17",22067541,22067541,1,"*",NA,"C","A",255,"PASS"
"chr17",62823321,62823325,5,"*",NA,"TCAAA","T",255,"PASS"
"chr20",23614066,23614066,1,"*",NA,"C","G",255,"PASS"
"chrX",47557547,47557547,1,"*",NA,"G","T",255,"PASS"
"chrX",95601916,95601916,1,"*",NA,"T","A",255,"PASS"
"chr1",15780258,15780258,1,"*",NA,"G","A",255,"PASS"
"chr1",21456412,21456412,1,"*",NA,"G","A",255,"PASS"
"chr1",62846194,62846194,1,"*",NA,"C","G",255,"PASS"
"chr1",182350805,182350805,1,"*",NA,"T","G",255,"PASS"
"chr1",208858497,208858497,1,"*",NA,"C","T",255,"PASS"
"chr1",232180192,232180192,1,"*",NA,"C","G",255,"PASS"
"chr1",239074686,239074686,1,"*",NA,"G","T",255,"PASS"
"chr2",38338188,38338188,1,"*",NA,"C","A",255,"PASS"
"chr2",70905261,70905261,1,"*",NA,"G","T",255,"PASS"
"chr2",84844249,84844249,1,"*",NA,"C","G",255,"PASS"
"chr2",88520070,88520070,1,"*",NA,"G","A",255,"PASS"
"chr2",133718141,133718141,1,"*",NA,"G","T",255,"PASS"
"chr2",137232019,137232019,1,"*",NA,"G","T",255,"PASS"
"chr2",166523900,166523900,1,"*",NA,"C","A",255,"PASS"
"chr2",225538334,225538334,1,"*",NA,"A","AAAT",255,"PASS"
"chr3",23480486,23480486,1,"*",NA,"A","T",255,"PASS"
"chr3",57331547,57331547,1,"*",NA,"C","G",255,"PASS"
"chr3",122983035,122983035,1,"*",NA,"G","A",255,"PASS"
"chr3",147427321,147427321,1,"*",NA,"A","T",255,"PASS"
"chr3",172605271,172605271,1,"*",NA,"C","A",255,"PASS"
"chr3",197084404,197084404,1,"*",NA,"C","A",255,"PASS"
"chr4",8675129,8675129,1,"*",NA,"G","T",255,"PASS"
"chr4",25802263,25802263,1,"*",NA,"C","T",255,"PASS"
"chr4",27531787,27531787,1,"*",NA,"C","A",255,"PASS"
"chr4",118765957,118765957,1,"*",NA,"T","A",255,"PASS"
"chr4",118766930,118766930,1,"*",NA,"T","A",255,"PASS"
"chr4",176209223,176209223,1,"*",NA,"T","A",255,"PASS"
"chr5",93469627,93469627,1,"*",NA,"C","A",255,"PASS"
"chr6",20477832,20477832,1,"*",NA,"C","A",255,"PASS"
"chr6",86881848,86881848,1,"*",NA,"G","T",255,"PASS"
"chr6",87050470,87050470,1,"*",NA,"A","C",255,"PASS"
"chr6",89971150,89971150,1,"*",NA,"G","A",255,"PASS"
"chr6",91853224,91853224,1,"*",NA,"C","G",255,"PASS"
"chr6",115452774,115452774,1,"*",NA,"G","T",255,"PASS"
"chr6",124017703,124017703,1,"*",NA,"G","T",255,"PASS"
"chr6",132884877,132884877,1,"*",NA,"C","T",255,"PASS"
"chr6",155674502,155674502,1,"*",NA,"C","G",255,"PASS"
"chr7",32507701,32507703,3,"*",NA,"GAC","G",255,"PASS"
"chr7",42199982,42199982,1,"*",NA,"G","T",255,"PASS"
"chr7",53727317,53727317,1,"*",NA,"C","A",255,"PASS"
"chr7",66260572,66260572,1,"*",NA,"T","A",255,"PASS"
"chr7",88411634,88411634,1,"*",NA,"C","A",255,"PASS"
"chr7",135526589,135526589,1,"*",NA,"T","G",255,"PASS"
"chr8",4357908,4357908,1,"*",NA,"C","T",255,"PASS"
"chr8",104733465,104733465,1,"*",NA,"G","T",255,"PASS"
"chr8",116810422,116810422,1,"*",NA,"C","T",255,"PASS"
"chr8",127898198,127898198,1,"*",NA,"A","G",255,"PASS"
"chr9",7735674,7735674,1,"*",NA,"T","G",255,"PASS"
"chr9",26633007,26633007,1,"*",NA,"T","G",255,"PASS"
"chr9",74309012,74309012,1,"*",NA,"T","C",255,"PASS"
"chr9",90397225,90397225,1,"*",NA,"T","A",255,"PASS"
"chr9",98519092,98519092,1,"*",NA,"T","G",255,"PASS"
"chr9",104576431,104576431,1,"*",NA,"T","G",255,"PASS"
"chr9",109713804,109713804,1,"*",NA,"A","C",255,"PASS"
"chr9",130560229,130560229,1,"*",NA,"T","A",255,"PASS"
"chr10",1216976,1216976,1,"*",NA,"C","A",255,"PASS"
"chr10",47029012,47029012,1,"*",NA,"G","A",255,"PASS"
"chr10",81711882,81711882,1,"*",NA,"G","T",255,"PASS"
"chr10",103419096,103419096,1,"*",NA,"A","C",255,"PASS"
"chr10",130426344,130426344,1,"*",NA,"C","T",255,"PASS"
"chr12",105647034,105647034,1,"*",NA,"G","A",255,"PASS"
"chr12",114102807,114102807,1,"*",NA,"C","A",255,"PASS"
"chr12",131103132,131103132,1,"*",NA,"G","T",255,"PASS"
"chr13",47912252,47912252,1,"*",NA,"T","C",255,"PASS"
"chr13",54336286,54336286,1,"*",NA,"C","T",255,"PASS"
"chr13",55078706,55078706,1,"*",NA,"C","A",255,"PASS"
"chr13",71204802,71204802,1,"*",NA,"C","A",255,"PASS"
"chr13",78968149,78968149,1,"*",NA,"G","C",255,"PASS"
"chr13",90348796,90348796,1,"*",NA,"T","G",255,"PASS"
"chr13",91844911,91844911,1,"*",NA,"A","C",255,"PASS"
"chr14",19113423,19113423,1,"*",NA,"C","A",255,"PASS"
"chr14",25031827,25031827,1,"*",NA,"T","C",255,"PASS"
"chr14",40019740,40019741,2,"*",NA,"CT","C",255,"PASS"
"chr14",68253948,68253948,1,"*",NA,"C","T",255,"PASS"
"chr15",31745073,31745073,1,"*",NA,"C","G",255,"PASS"
"chr15",99493423,99493423,1,"*",NA,"A","T",255,"PASS"
"chr16",8431307,8431307,1,"*",NA,"G","T",255,"PASS"
"chr17",62298284,62298284,1,"*",NA,"C","T",255,"PASS"
"chr17",75817048,75817048,1,"*",NA,"C","A",255,"PASS"
"chr17",75817213,75817213,1,"*",NA,"A","T",255,"PASS"
"chr18",50984205,50984205,1,"*",NA,"T","C",255,"PASS"
"chr18",59215460,59215460,1,"*",NA,"G","A",255,"PASS"
"chr19",24181341,24181341,1,"*",NA,"C","A",255,"PASS"
"chr19",57429082,57429082,1,"*",NA,"G","T",255,"PASS"
"chr19",57565973,57565973,1,"*",NA,"G","T",255,"PASS"
"chr20",44843066,44843066,1,"*",NA,"C","A",255,"PASS"
"chr21",32714994,32714994,1,"*",NA,"C","T",255,"PASS"
"chrX",5361462,5361462,1,"*",NA,"C","A",255,"PASS"
"chrX",9958903,9958903,1,"*",NA,"A","G",255,"PASS"
"chrX",23732730,23732730,1,"*",NA,"T","C",255,"PASS"
"chrX",44277975,44277975,1,"*",NA,"C","A",255,"PASS"
"chrX",55600466,55600466,1,"*",NA,"T","C",255,"PASS"
"chrX",65482475,65482475,1,"*",NA,"G","T",255,"PASS"
"chrX",75585446,75585450,5,"*",NA,"TCTAA","T",255,"PASS"
"chrX",132811612,132811612,1,"*",NA,"G","T",255,"PASS"
"chrX",152753277,152753277,1,"*",NA,"C","A",255,"PASS"
"chrX",153154857,153154857,1,"*",NA,"G","T",255,"PASS"
"chr1",15159188,15159188,1,"*",NA,"A","G",255,"PASS"
"chr1",24083988,24083988,1,"*",NA,"T","G",255,"PASS"
"chr1",71594173,71594173,1,"*",NA,"G","T",255,"PASS"
"chr1",74939351,74939351,1,"*",NA,"C","A",255,"PASS"
"chr1",76179128,76179128,1,"*",NA,"T","C",255,"PASS"
"chr1",77156374,77156374,1,"*",NA,"C","G",255,"PASS"
"chr2",13102945,13102945,1,"*",NA,"C","T",255,"PASS"
"chr2",60280047,60280047,1,"*",NA,"G","T",255,"PASS"
"chr2",76390380,76390380,1,"*",NA,"A","T",255,"PASS"
"chr2",115023853,115023853,1,"*",NA,"C","A",255,"PASS"
"chr2",171767326,171767326,1,"*",NA,"C","A",255,"PASS"
"chr2",175116619,175116619,1,"*",NA,"G","T",255,"PASS"
"chr2",176592701,176592701,1,"*",NA,"G","T",255,"PASS"
"chr3",26260089,26260089,1,"*",NA,"C","A",255,"PASS"
"chr4",27172946,27172946,1,"*",NA,"G","T",255,"PASS"
"chr4",69566479,69566479,1,"*",NA,"A","C",255,"PASS"
"chr4",98256573,98256573,1,"*",NA,"G","T",255,"PASS"
"chr4",160792229,160792229,1,"*",NA,"A","C",255,"PASS"
"chr4",176624540,176624540,1,"*",NA,"C","G",255,"PASS"
"chr5",16211148,16211148,1,"*",NA,"G","A",255,"PASS"
"chr5",16677571,16677571,1,"*",NA,"C","T",255,"PASS"
"chr5",91825111,91825111,1,"*",NA,"G","T",255,"PASS"
"chr5",170799103,170799103,1,"*",NA,"C","A",255,"PASS"
"chr6",76870916,76870916,1,"*",NA,"A","G",255,"PASS"
"chr6",98786324,98786324,1,"*",NA,"T","A",255,"PASS"
"chr6",140087918,140087918,1,"*",NA,"T","C",255,"PASS"
"chr6",166092540,166092540,1,"*",NA,"C","G",255,"PASS"
"chr7",112218561,112218562,2,"*",NA,"GA","G",255,"PASS"
"chr7",153218311,153218311,1,"*",NA,"G","A",255,"PASS"
"chr8",50933028,50933028,1,"*",NA,"T","A",255,"PASS"
"chr8",59976024,59976024,1,"*",NA,"C","A",255,"PASS"
"chr8",102315859,102315859,1,"*",NA,"A","G",255,"PASS"
"chr8",139973181,139973181,1,"*",NA,"T","C",255,"PASS"
"chr9",1708976,1708976,1,"*",NA,"C","A",255,"PASS"
"chr9",84280640,84280640,1,"*",NA,"T","C",255,"PASS"
"chr10",20194458,20194458,1,"*",NA,"T","C",255,"PASS"
"chr10",91639571,91639571,1,"*",NA,"G","A",255,"PASS"
"chr11",10157264,10157264,1,"*",NA,"C","A",255,"PASS"
"chr11",11572051,11572051,1,"*",NA,"T","C",255,"PASS"
"chr11",89631983,89631983,1,"*",NA,"C","T",255,"PASS"
"chr11",127440824,127440825,2,"*",NA,"AT","A",255,"PASS"
"chr12",7925359,7925359,1,"*",NA,"T","A",255,"PASS"
"chr12",79630184,79630184,1,"*",NA,"C","A",255,"PASS"
"chr12",91434587,91434587,1,"*",NA,"T","C",255,"PASS"
"chr12",91524147,91524147,1,"*",NA,"G","T",255,"PASS"
"chr12",92162205,92162205,1,"*",NA,"C","A",255,"PASS"
"chr12",98262967,98262968,2,"*",NA,"CA","C",255,"PASS"
"chr12",107554651,107554651,1,"*",NA,"A","C",255,"PASS"
"chr13",103233677,103233677,1,"*",NA,"A","C",255,"PASS"
"chr13",103505830,103505830,1,"*",NA,"C","T",255,"PASS"
"chr14",78259306,78259306,1,"*",NA,"G","T",255,"PASS"
"chr14",97223339,97223339,1,"*",NA,"T","C",255,"PASS"
"chr16",17946939,17946939,1,"*",NA,"A","G",255,"PASS"
"chr16",21588077,21588077,1,"*",NA,"T","C",255,"PASS"
"chr17",5491507,5491507,1,"*",NA,"A","G",255,"PASS"
"chr17",57471111,57471111,1,"*",NA,"C","G",255,"PASS"
"chr21",41455792,41455792,1,"*",NA,"C","G",255,"PASS"
"chrX",85564414,85564414,1,"*",NA,"C","T",255,"PASS"
"chrX",117980412,117980412,1,"*",NA,"G","C",255,"PASS"
"chrX",119130559,119130559,1,"*",NA,"A","G",255,"PASS"
"chrX",123834850,123834850,1,"*",NA,"C","T",255,"PASS"
"chr1",107886173,107886173,1,"*",NA,"A","C",255,"PASS"
"chr1",118097234,118097234,1,"*",NA,"C","T",255,"PASS"
"chr1",178059328,178059328,1,"*",NA,"C","T",255,"PASS"
"chr1",187982235,187982235,1,"*",NA,"G","T",255,"PASS"
"chr1",195434486,195434486,1,"*",NA,"T","A",255,"PASS"
"chr2",86629768,86629768,1,"*",NA,"C","T",255,"PASS"
"chr2",222915274,222915274,1,"*",NA,"G","T",255,"PASS"
"chr3",1786253,1786253,1,"*",NA,"G","T",255,"PASS"
"chr3",3821166,3821166,1,"*",NA,"A","G",255,"PASS"
"chr3",164026144,164026144,1,"*",NA,"G","T",255,"PASS"
"chr4",20324115,20324115,1,"*",NA,"T","C",255,"PASS"
"chr4",23128058,23128058,1,"*",NA,"G","A",255,"PASS"
"chr4",25272492,25272492,1,"*",NA,"A","C",255,"PASS"
"chr4",85534786,85534786,1,"*",NA,"T","A",255,"PASS"
"chr4",136503391,136503391,1,"*",NA,"T","C",255,"PASS"
"chr4",158327390,158327391,2,"*",NA,"GT","G",255,"PASS"
"chr4",179648755,179648755,1,"*",NA,"T","G",255,"PASS"
"chr4",180826570,180826570,1,"*",NA,"G","T",255,"PASS"
"chr5",76749690,76749690,1,"*",NA,"T","C",255,"PASS"
"chr5",85373026,85373026,1,"*",NA,"C","A",255,"PASS"
"chr5",141415607,141415607,1,"*",NA,"T","C",255,"PASS"
"chr5",174643539,174643539,1,"*",NA,"T","A",255,"PASS"
"chr7",54035160,54035160,1,"*",NA,"C","A",255,"PASS"
"chr7",134136707,134136707,1,"*",NA,"G","T",255,"PASS"
"chr8",9721777,9721777,1,"*",NA,"C","A",255,"PASS"
"chr8",15532181,15532181,1,"*",NA,"T","C",255,"PASS"
"chr8",33007703,33007705,3,"*",NA,"GAA","G",255,"PASS"
"chr8",76365589,76365589,1,"*",NA,"C","A",255,"PASS"
"chr8",80431497,80431497,1,"*",NA,"C","A",255,"PASS"
"chr8",99380754,99380754,1,"*",NA,"C","G",255,"PASS"
"chr8",99380755,99380755,1,"*",NA,"C","T",255,"PASS"
"chr9",86599029,86599029,1,"*",NA,"A","G",255,"PASS"
"chr9",88379660,88379661,2,"*",NA,"TG","T",255,"PASS"
"chr9",119486697,119486697,1,"*",NA,"G","A",255,"PASS"
"chr9",121852899,121852899,1,"*",NA,"C","A",255,"PASS"
"chr10",23537358,23537358,1,"*",NA,"G","T",255,"PASS"
"chr10",37627360,37627360,1,"*",NA,"G","T",255,"PASS"
"chr10",85866069,85866069,1,"*",NA,"C","A",255,"PASS"
"chr10",109692899,109692899,1,"*",NA,"A","T",255,"PASS"
"chr10",122499922,122499922,1,"*",NA,"G","T",255,"PASS"
"chr12",46397950,46397950,1,"*",NA,"G","T",255,"PASS"
"chr13",36719212,36719212,1,"*",NA,"G","T",255,"PASS"
"chr14",54462495,54462495,1,"*",NA,"A","G",255,"PASS"
"chr15",24273903,24273903,1,"*",NA,"C","A",255,"PASS"
"chr15",47134968,47134968,1,"*",NA,"A","G",255,"PASS"
"chr15",84603450,84603450,1,"*",NA,"A","G",255,"PASS"
"chr16",51347628,51347628,1,"*",NA,"A","G",255,"PASS"
"chr16",51841246,51841246,1,"*",NA,"C","A",255,"PASS"
"chr16",61761558,61761558,1,"*",NA,"A","G",255,"PASS"
"chr16",88285299,88285299,1,"*",NA,"G","T",255,"PASS"
"chr18",2169230,2169230,1,"*",NA,"C","A",255,"PASS"
"chr21",35087424,35087424,1,"*",NA,"A","T",255,"PASS"
"chr22",49178295,49178295,1,"*",NA,"G","T",255,"PASS"
"chrX",76494886,76494886,1,"*",NA,"G","A",255,"PASS"
"chrX",93446782,93446782,1,"*",NA,"C","A",255,"PASS"
"chrX",145172577,145172577,1,"*",NA,"G","A",255,"PASS"
"chr1",4731561,4731561,1,"*",NA,"T","C",255,"PASS"
"chr1",57323139,57323139,1,"*",NA,"G","T",255,"PASS"
"chr1",150322883,150322883,1,"*",NA,"G","C",255,"PASS"
"chr2",7354459,7354459,1,"*",NA,"C","A",255,"PASS"
"chr3",8803386,8803386,1,"*",NA,"A","G",255,"PASS"
"chr3",66464537,66464537,1,"*",NA,"A","C",255,"PASS"
"chr3",75229712,75229712,1,"*",NA,"C","T",255,"PASS"
"chr4",11333756,11333756,1,"*",NA,"A","C",255,"PASS"
"chr4",86933897,86933897,1,"*",NA,"G","C",255,"PASS"
"chr4",100525864,100525864,1,"*",NA,"C","A",255,"PASS"
"chr5",2438067,2438067,1,"*",NA,"T","C",255,"PASS"
"chr5",6182825,6182825,1,"*",NA,"C","CT",255,"PASS"
"chr5",44249212,44249212,1,"*",NA,"G","A",255,"PASS"
"chr6",12727672,12727672,1,"*",NA,"G","T",255,"PASS"
"chr6",47908381,47908381,1,"*",NA,"C","G",255,"PASS"
"chr7",10668478,10668478,1,"*",NA,"G","T",255,"PASS"
"chr7",145178859,145178859,1,"*",NA,"C","A",255,"PASS"
"chr8",19600944,19600944,1,"*",NA,"A","C",255,"PASS"
"chr8",64228862,64228862,1,"*",NA,"C","A",255,"PASS"
"chr8",83585225,83585225,1,"*",NA,"A","C",255,"PASS"
"chr8",91364770,91364770,1,"*",NA,"G","T",255,"PASS"
"chr9",104233446,104233446,1,"*",NA,"A","C",255,"PASS"
"chr10",5209831,5209831,1,"*",NA,"C","A",255,"PASS"
"chr10",22943184,22943184,1,"*",NA,"T","G",255,"PASS"
"chr10",29537824,29537824,1,"*",NA,"T","G",255,"PASS"
"chr10",74241492,74241492,1,"*",NA,"G","A",255,"PASS"
"chr10",81779490,81779490,1,"*",NA,"G","A",255,"PASS"
"chr10",120658456,120658456,1,"*",NA,"C","T",255,"PASS"
"chr11",33946315,33946315,1,"*",NA,"C","T",255,"PASS"
"chr11",113568028,113568028,1,"*",NA,"G","C",255,"PASS"
"chr12",3704698,3704698,1,"*",NA,"G","A",255,"PASS"
"chr12",15510107,15510107,1,"*",NA,"A","G",255,"PASS"
"chr12",34674518,34674518,1,"*",NA,"A","T",255,"PASS"
"chr12",58939206,58939206,1,"*",NA,"C","A",255,"PASS"
"chr12",71066508,71066508,1,"*",NA,"C","A",255,"PASS"
"chr12",76575161,76575161,1,"*",NA,"T","C",255,"PASS"
"chr12",82515377,82515377,1,"*",NA,"C","A",255,"PASS"
"chr14",40237818,40237818,1,"*",NA,"G","T",255,"PASS"
"chr14",86319423,86319423,1,"*",NA,"T","A",255,"PASS"
"chr15",22334285,22334285,1,"*",NA,"A","G",255,"PASS"
"chr15",29735849,29735849,1,"*",NA,"G","T",255,"PASS"
"chr16",17509483,17509483,1,"*",NA,"A","G",255,"PASS"
"chr16",22720994,22720994,1,"*",NA,"G","T",255,"PASS"
"chr16",34393029,34393029,1,"*",NA,"A","G",255,"PASS"
"chr16",82439576,82439576,1,"*",NA,"G","C",255,"PASS"
"chr17",56241537,56241537,1,"*",NA,"G","T",255,"PASS"
"chr18",51635678,51635678,1,"*",NA,"C","A",255,"PASS"
"chr18",61255444,61255444,1,"*",NA,"G","T",255,"PASS"
"chr19",4697757,4697757,1,"*",NA,"C","T",255,"PASS"
"chr19",13472033,13472033,1,"*",NA,"A","G",255,"PASS"
"chr22",39799604,39799604,1,"*",NA,"G","C",255,"PASS"
"chrX",9580063,9580063,1,"*",NA,"G","C",255,"PASS"
"chrX",32176537,32176537,1,"*",NA,"A","G",255,"PASS"
"chrX",115148564,115148564,1,"*",NA,"C","G",255,"PASS"
"chrX",116208059,116208059,1,"*",NA,"A","T",255,"PASS"
"chrX",123832936,123832936,1,"*",NA,"G","T",255,"PASS"
"chrX",143808947,143808948,2,"*",NA,"TC","T",255,"PASS"
"chr10",79820946,79820946,1,"*",NA,"T","G",255,"PASS"
"chr18",57493092,57493092,1,"*",NA,"T","G",255,"PASS"
"chr19",55690122,55690122,1,"*",NA,"T","G",255,"PASS"
"chrX",2536542,2536544,3,"*",NA,"TTC","T",255,"PASS"
"chr1",51554069,51554069,1,"*",NA,"A","C",255,"PASS"
"chr2",37808769,37808769,1,"*",NA,"G","A",255,"PASS"
"chr2",88420168,88420169,2,"*",NA,"AT","A",255,"PASS"
"chr2",95331563,95331563,1,"*",NA,"T","C",255,"PASS"
"chr2",95752539,95752539,1,"*",NA,"T","G",255,"PASS"
"chr2",115008122,115008122,1,"*",NA,"C","A",255,"PASS"
"chr4",5969910,5969910,1,"*",NA,"T","A",255,"PASS"
"chr4",155279907,155279907,1,"*",NA,"T","C",255,"PASS"
"chr5",16154558,16154558,1,"*",NA,"T","C",255,"PASS"
"chr5",102069474,102069474,1,"*",NA,"G","C",255,"PASS"
"chr5",156387858,156387858,1,"*",NA,"C","A",255,"PASS"
"chr6",82578613,82578613,1,"*",NA,"C","T",255,"PASS"
"chr7",6965418,6965418,1,"*",NA,"C","A",255,"PASS"
"chr7",134006034,134006034,1,"*",NA,"G","T",255,"PASS"
"chr8",119919800,119919800,1,"*",NA,"C","T",255,"PASS"
"chr9",68175581,68175581,1,"*",NA,"G","A",255,"PASS"
"chr9",109745766,109745766,1,"*",NA,"A","C",255,"PASS"
"chr10",1415976,1416009,34,"*",NA,"ACGTGGACTCCGCGCACCTTTCCTAGTGAGACCG","A",255,"PASS"
"chr10",108735737,108735737,1,"*",NA,"C","T",255,"PASS"
"chr10",108923432,108923432,1,"*",NA,"A","T",255,"PASS"
"chr10",133585847,133585847,1,"*",NA,"G","T",255,"PASS"
"chr13",36805315,36805315,1,"*",NA,"C","A",255,"PASS"
"chr13",46333606,46333606,1,"*",NA,"T","A",255,"PASS"
"chr14",29308127,29308127,1,"*",NA,"A","G",255,"PASS"
"chr14",37361804,37361804,1,"*",NA,"C","T",255,"PASS"
"chr14",87782686,87782686,1,"*",NA,"C","A",255,"PASS"
"chr15",43793394,43793394,1,"*",NA,"T","C",255,"PASS"
"chr16",83889545,83889545,1,"*",NA,"C","T",255,"PASS"
"chr16",83889546,83889546,1,"*",NA,"C","T",255,"PASS"
"chr18",12161511,12161511,1,"*",NA,"C","A",255,"PASS"
"chr18",25848231,25848231,1,"*",NA,"C","G",255,"PASS"
"chr19",51650644,51650644,1,"*",NA,"T","C",255,"PASS"
"chr20",33940973,33940973,1,"*",NA,"A","T",255,"PASS"
"chr1",4892422,4892422,1,"*",NA,"G","A",255,"PASS"
"chr1",106424031,106424031,1,"*",NA,"G","T",255,"PASS"
"chr1",214267841,214267841,1,"*",NA,"A","C",255,"PASS"
"chr1",240266332,240266332,1,"*",NA,"T","G",255,"PASS"
"chr2",107576858,107576858,1,"*",NA,"A","T",255,"PASS"
"chr2",140764445,140764445,1,"*",NA,"A","G",255,"PASS"
"chr2",177272575,177272575,1,"*",NA,"G","A",255,"PASS"
"chr3",2966339,2966339,1,"*",NA,"G","T",255,"PASS"
"chr3",34150024,34150024,1,"*",NA,"T","G",255,"PASS"
"chr3",125008072,125008072,1,"*",NA,"G","T",255,"PASS"
"chr3",125008073,125008073,1,"*",NA,"T","C",255,"PASS"
"chr3",181221506,181221506,1,"*",NA,"G","T",255,"PASS"
"chr5",15486755,15486755,1,"*",NA,"T","C",255,"PASS"
"chr6",50174656,50174656,1,"*",NA,"C","T",255,"PASS"
"chr7",55894975,55894975,1,"*",NA,"C","A",255,"PASS"
"chr8",2603815,2603815,1,"*",NA,"A","T",255,"PASS"
"chr8",4753642,4753642,1,"*",NA,"C","A",255,"PASS"
"chr8",55816588,55816588,1,"*",NA,"C","T",255,"PASS"
"chr8",135292175,135292175,1,"*",NA,"C","A",255,"PASS"
"chr9",110376208,110376208,1,"*",NA,"A","C",255,"PASS"
"chr10",74001549,74001549,1,"*",NA,"C","A",255,"PASS"
"chr12",49812887,49812887,1,"*",NA,"G","T",255,"PASS"
"chr12",102081899,102081899,1,"*",NA,"A","T",255,"PASS"
"chr13",90446783,90446783,1,"*",NA,"G","T",255,"PASS"
"chr13",97048989,97048989,1,"*",NA,"C","A",255,"PASS"
"chr14",25053513,25053513,1,"*",NA,"A","C",255,"PASS"
"chr15",39100122,39100122,1,"*",NA,"T","G",255,"PASS"
"chr17",26389646,26389646,1,"*",NA,"G","T",255,"PASS"
"chr18",41572759,41572759,1,"*",NA,"T","C",255,"PASS"
"chr18",50153355,50153355,1,"*",NA,"C","A",255,"PASS"
"chr19",14864169,14864169,1,"*",NA,"G","A",255,"PASS"
"chr19",20389344,20389344,1,"*",NA,"C","A",255,"PASS"
"chr19",22587826,22587826,1,"*",NA,"C","T",255,"PASS"
"chr20",59224626,59224626,1,"*",NA,"T","A",255,"PASS"
"chrX",25921294,25921294,1,"*",NA,"A","T",255,"PASS"
"chrX",35694081,35694081,1,"*",NA,"T","C",255,"PASS"
"chrX",138073261,138073261,1,"*",NA,"G","T",255,"PASS"
